{
    "frame_0": [
        [
            2.0806451612903345,
            379.11290322580646
        ],
        [
            4.661290322580641,
            717.1774193548387
        ],
        [
            1171.1129032258063,
            714.5967741935483
        ],
        [
            892.4032258064515,
            188.14516129032256
        ],
        [
            365.9516129032258,
            193.30645161290317
        ]
    ],
    "frame_30": [
        [
            4.661290322580641,
            376.5322580645161
        ],
        [
            2.0806451612903345,
            717.1774193548387
        ],
        [
            1168.532258064516,
            714.5967741935483
        ],
        [
            892.4032258064515,
            188.14516129032256
        ],
        [
            365.9516129032258,
            195.88709677419354
        ]
    ],
    "frame_63": [
        [
            4.661290322580641,
            373.95161290322574
        ],
        [
            -0.5,
            717.1774193548387
        ],
        [
            1171.1129032258063,
            717.1774193548387
        ],
        [
            900.1451612903224,
            193.30645161290317
        ],
        [
            368.53225806451616,
            190.72580645161293
        ]
    ],
    "frame_99": [
        [
            -0.5,
            402.3387096774194
        ],
        [
            2.0806451612903345,
            712.016129032258
        ],
        [
            1181.4354838709676,
            714.5967741935483
        ],
        [
            910.4677419354839,
            198.4677419354839
        ],
        [
            384.0161290322581,
            203.6290322580645
        ]
    ],
    "frame_108": [
        [
            -0.5,
            420.4032258064516
        ],
        [
            4.661290322580641,
            717.1774193548387
        ],
        [
            1233.0483870967741,
            717.1774193548387
        ],
        [
            954.3387096774193,
            190.72580645161293
        ],
        [
            427.8870967741936,
            203.6290322580645
        ]
    ],
    "frame_117": [
        [
            2.0806451612903345,
            404.91935483870964
        ],
        [
            2.0806451612903345,
            714.5967741935483
        ],
        [
            1202.0806451612902,
            714.5967741935483
        ],
        [
            954.3387096774193,
            195.88709677419354
        ],
        [
            425.30645161290323,
            198.4677419354839
        ]
    ],
    "frame_123": [
        [
            4.661290322580641,
            394.5967741935484
        ],
        [
            2.0806451612903345,
            717.1774193548387
        ],
        [
            1145.3064516129032,
            714.5967741935483
        ],
        [
            915.6290322580644,
            201.04838709677415
        ],
        [
            389.1774193548387,
            203.6290322580645
        ]
    ],
    "frame_132": [
        [
            2.0806451612903345,
            381.6935483870967
        ],
        [
            2.0806451612903345,
            717.1774193548387
        ],
        [
            1093.6935483870966,
            709.4354838709678
        ],
        [
            876.9193548387095,
            203.6290322580645
        ],
        [
            355.62903225806457,
            208.79032258064512
        ]
    ],
    "frame_141": [
        [
            -0.5,
            368.7903225806451
        ],
        [
            4.661290322580641,
            714.5967741935483
        ],
        [
            1049.8225806451612,
            714.5967741935483
        ],
        [
            851.1129032258063,
            201.04838709677415
        ],
        [
            329.8225806451613,
            203.6290322580645
        ]
    ],
    "frame_153": [
        [
            4.661290322580641,
            373.95161290322574
        ],
        [
            2.0806451612903345,
            717.1774193548387
        ],
        [
            1052.4032258064515,
            717.1774193548387
        ],
        [
            874.3387096774193,
            198.4677419354839
        ],
        [
            355.62903225806457,
            206.20967741935488
        ]
    ],
    "frame_162": [
        [
            2.0806451612903345,
            392.01612903225805
        ],
        [
            -0.5,
            712.016129032258
        ],
        [
            1096.274193548387,
            714.5967741935483
        ],
        [
            944.016129032258,
            198.4677419354839
        ],
        [
            420.1451612903226,
            195.88709677419354
        ]
    ],
    "frame_168": [
        [
            33.048387096774206,
            402.3387096774194
        ],
        [
            -0.5,
            714.5967741935483
        ],
        [
            1173.6935483870966,
            717.1774193548387
        ],
        [
            1047.241935483871,
            206.20967741935488
        ],
        [
            510.46774193548384,
            188.14516129032256
        ]
    ],
    "frame_171": [
        [
            97.56451612903226,
            386.85483870967744
        ],
        [
            2.0806451612903345,
            714.5967741935483
        ],
        [
            1222.725806451613,
            714.5967741935483
        ],
        [
            1111.758064516129,
            206.20967741935488
        ],
        [
            562.0806451612902,
            188.14516129032256
        ]
    ],
    "frame_177": [
        [
            193.0483870967742,
            379.11290322580646
        ],
        [
            2.0806451612903345,
            714.5967741935483
        ],
        [
            1271.758064516129,
            712.016129032258
        ],
        [
            1222.725806451613,
            219.11290322580646
        ],
        [
            652.4032258064517,
            185.5645161290322
        ]
    ],
    "frame_183": [
        [
            180.14516129032256,
            373.95161290322574
        ],
        [
            2.0806451612903345,
            717.1774193548387
        ],
        [
            1266.5967741935483,
            706.8548387096773
        ],
        [
            1212.4032258064515,
            219.11290322580646
        ],
        [
            652.4032258064517,
            185.5645161290322
        ]
    ],
    "frame_189": [
        [
            136.27419354838707,
            381.6935483870967
        ],
        [
            4.661290322580641,
            714.5967741935483
        ],
        [
            1217.5645161290322,
            714.5967741935483
        ],
        [
            1165.9516129032256,
            208.79032258064512
        ],
        [
            616.2741935483871,
            188.14516129032256
        ]
    ],
    "frame_198": [
        [
            100.14516129032256,
            381.6935483870967
        ],
        [
            -0.5,
            714.5967741935483
        ],
        [
            1191.758064516129,
            714.5967741935483
        ],
        [
            1129.8225806451612,
            208.79032258064512
        ],
        [
            580.1451612903227,
            185.5645161290322
        ]
    ],
    "frame_204": [
        [
            61.435483870967744,
            384.2741935483871
        ],
        [
            4.661290322580641,
            714.5967741935483
        ],
        [
            1173.6935483870966,
            714.5967741935483
        ],
        [
            1088.532258064516,
            206.20967741935488
        ],
        [
            546.5967741935483,
            185.5645161290322
        ]
    ],